Date,price,signal,position,daily_return,strategy_return,equity,buy_hold_equity
2025-04-08,76271.953125,1,0.0,0.0,0.0,10000.0,10000.0
2025-04-09,82573.953125,0,1.0,0.0826253916648998,0.0816253916648998,10816.253916648999,10826.253916648999
2025-04-10,79626.140625,0,0.0,-0.0356990599146636,-0.001,10805.437662732349,10439.766829427184
2025-04-11,83404.8359375,0,0.0,0.04745546227457886,0.0,10805.437662732349,10935.190790356466
2025-04-12,85287.109375,0,0.0,0.022567917271733462,0.0,10805.437662732349,11181.975271463853
2025-04-13,83684.9765625,0,0.0,-0.01878516957885823,-0.0,10805.437662732349,10971.919969762805
2025-04-14,84542.390625,0,0.0,0.010245734631468162,0.0,10805.437662732349,11084.3353501707
2025-04-15,83668.9921875,0,0.0,-0.01033089354397465,-0.0,10805.437662732349,10969.82426166237
2025-04-16,84033.8671875,0,0.0,0.004360934564412222,0.0,10805.437662732349,11017.66294745058
2025-04-17,84895.75,0,0.0,0.01025637449930672,0.0,10805.437662732349,11130.664224746772
2025-04-18,84450.8046875,0,0.0,-0.005241078764249063,-0.0,10805.437662732349,11072.327536846464
2025-04-19,85063.4140625,0,0.0,0.007254038339443714,0.0,10805.437662732349,11152.646625305626
2025-04-20,85174.3046875,0,0.0,0.0013036230231544543,0.0,10805.437662732349,11167.185472215482
2025-04-21,87518.90625,0,0.0,0.027527099529631727,0.0,10805.437662732349,11474.585698175015
2025-04-22,93441.890625,0,0.0,0.06767662701452015,0.0,10805.437662732349,12251.146954616552
2025-04-23,93699.109375,0,0.0,0.0027527134594511615,0.0,10805.437662732349,12284.87085173224
2025-04-24,93943.796875,0,0.0,0.0026114175645013393,0.0,10805.437662732349,12316.951779252084
2025-04-25,94720.5,0,0.0,0.008267742531563593,0.0,10805.437662732349,12418.785165336623
2025-04-26,94646.9296875,0,0.0,-0.0007767095032226168,-0.0,10805.437662732349,12409.139376880226
2025-04-27,93754.84375,0,0.0,-0.00942540809771053,-0.0,10805.437662732349,12292.178174111761
2025-04-28,94978.75,0,0.0,0.013054325526514532,0.0,10805.437662732349,12452.644269426533
2025-04-29,94284.7890625,0,0.0,-0.007306486319308303,-0.0,10805.437662732349,12361.659194432757
2025-04-30,94207.3125,0,0.0,-0.0008217291810309613,-0.0,10805.437662732349,12351.50125834673
2025-05-01,96492.3359375,0,0.0,0.02425526614507767,0.0,10805.437662732349,12651.090208659192
2025-05-02,96910.0703125,0,0.0,0.0043291974532626565,0.0,10805.437662732349,12705.859276171515
2025-05-03,95891.796875,0,0.0,-0.010507405827035687,-0.0,10805.437662732349,12572.353656375577
2025-05-04,94315.9765625,0,0.0,-0.016433317174712747,-0.0,10805.437662732349,12365.748181107696
2025-05-05,94748.0546875,0,0.0,0.0045811763897039,0.0,10805.437662732349,12422.397854716011
2025-05-06,96802.4765625,0,0.0,0.02168299794413664,0.0,10805.437662732349,12691.752681861066
2025-05-07,97032.3203125,0,0.0,0.0023743581586117557,0.0,10805.437662732349,12721.887448388325
2025-05-08,103241.4609375,0,0.0,0.06399043746457878,0.0,10805.437662732349,13535.966591585828
2025-05-09,102970.8515625,0,0.0,-0.002621130818400763,-0.0,10805.437662732349,13500.48705239578
2025-05-10,104696.328125,0,0.0,0.016756941758927724,0.0,10805.437662732349,13726.713927649935
2025-05-11,104106.359375,0,0.0,-0.005635047193781384,-0.0,10805.437662732349,13649.36324685209
2025-05-12,102812.953125,0,0.0,-0.01242389281274392,-0.0,10805.437662732349,13479.785020910995
2025-05-13,104169.8125,0,0.0,0.013197358248725033,0.0,10805.437662732349,13657.682572947755
2025-05-14,103539.4140625,0,0.0,-0.006051642240404331,-0.0,10805.437662732349,13575.03116418327
2025-05-15,103744.640625,0,0.0,0.00198211052629782,0.0,10805.437662732349,13601.938376348618
2025-05-16,103489.2890625,0,0.0,-0.0024613470244020386,-0.0,10805.437662732349,13568.459285799894
2025-05-17,103191.0859375,0,0.0,-0.0028814878109744146,-0.0,10805.437662732349,13529.361935754157
2025-05-18,106446.0078125,0,0.0,0.03154266519659865,0.0,10805.437662732349,13956.114069617259
2025-05-19,105606.1796875,0,0.0,-0.007889709931436006,-0.0,10805.437662732349,13846.004377837946
2025-05-20,106791.0859375,0,0.0,0.011220046530480143,0.0,10805.437662732349,14001.35719121852
2025-05-21,109678.078125,0,0.0,0.027034018449719976,0.0,10805.437662732349,14379.87013984704
2025-05-22,111673.28125,0,0.0,0.018191448638679386,0.0,10805.437662732349,14641.460808926948
2025-05-23,107287.796875,0,0.0,-0.03927066820202352,-0.0,10805.437662732349,14066.480859506648
2025-05-24,107791.15625,0,0.0,0.004691674073487251,0.0,10805.437662732349,14132.4762030604
2025-05-25,109035.390625,0,0.0,0.011543009819045436,0.0,10805.437662732349,14295.607514639752
2025-05-26,109440.3671875,0,0.0,0.003714175371671846,0.0,10805.437662732349,14348.703907993713
2025-05-27,108994.640625,0,0.0,-0.004072780217708405,-0.0,10805.437662732349,14290.264790567482
2025-05-28,107802.328125,0,0.0,-0.010939184653144474,-0.0,10805.437662732349,14133.940945281136
2025-05-29,105641.7578125,0,0.0,-0.020041963379443528,-0.0,10805.437662732349,13850.669018448594
2025-05-30,103998.5703125,0,0.0,-0.015554336978341854,-0.0,10805.437662732349,13635.231045160166
2025-05-31,104638.09375,0,0.0,0.006149348357177731,0.0,10805.437662732349,13719.078830787459
2025-06-01,105652.1015625,0,0.0,0.009690618169351017,0.0,10805.437662732349,13852.025185371847
2025-06-02,105881.53125,0,0.0,0.0021715582000447764,0.0,10805.437662732349,13882.105664250368
2025-06-03,105432.46875,0,0.0,-0.004241178746647534,-0.0,10805.437662732349,13823.229172748435
2025-06-04,104731.984375,0,0.0,-0.0066439151364365845,-0.0,10805.437662732349,13731.388811213179
2025-06-05,101575.953125,0,0.0,-0.030134359325224014,-0.0,10805.437662732349,13317.602206741722
2025-06-06,104390.34375,0,0.0,0.027707252931573167,0.0,10805.437662732349,13686.59637952599
2025-06-07,105615.625,0,0.0,0.011737496074678777,0.0,10805.437662732349,13847.24275080639
2025-06-08,105793.6484375,0,0.0,0.0016855786016509722,0.0,10805.437662732349,13870.583366879016
2025-06-09,110294.1015625,0,0.0,0.04253991795791734,0.0,10805.437662732349,14460.636845334502
2025-06-10,110257.234375,0,0.0,-0.0003342625487465778,-0.0,10805.437662732349,14455.803196006083
2025-06-11,108686.625,0,0.0,-0.014244955298426398,-0.0,10805.437662732349,14249.880925676127
2025-06-12,105929.0546875,0,0.0,-0.025371753999169577,-0.0,10805.437662732349,13888.336452312413
2025-06-13,106090.96875,0,0.0,0.0015285141831733462,0.0,10805.437662732349,13909.564971560456
2025-06-14,105472.40625,0,0.0,-0.0058304915798971235,-0.0,10805.437662732349,13828.465370113741
2025-06-15,105552.0234375,0,0.0,0.0007548627203146641,0.0,10805.437662732349,13838.903963100802
2025-06-16,106796.7578125,0,0.0,0.011792615001237072,0.0,10805.437662732349,14002.100829576742
2025-06-17,104601.1171875,0,0.0,-0.020559056941174436,-0.0,10805.437662732349,13714.230841325407
2025-06-18,104883.328125,0,0.0,0.0026979724986506692,0.0,10805.437662732349,13751.23145897545
2025-06-19,104684.2890625,0,0.0,-0.0018977187896134229,-0.0,10805.437662732349,13725.135488655429
2025-06-20,103309.6015625,0,0.0,-0.013131746055793259,-0.0,10805.437662732349,13544.90049483705
2025-06-21,102257.40625,0,0.0,-0.010184874363913243,-0.0,10805.437662732349,13406.947385025427
2025-06-22,100987.140625,0,0.0,-0.012422235919953284,-0.0,10805.437662732349,13240.40312164224
2025-06-23,105577.7734375,0,0.0,0.04545759771084712,0.0,10805.437662732349,13842.280040275298
2025-06-24,106045.6328125,0,0.0,0.004431419225533917,0.0,10805.437662732349,13903.620986171
2025-06-25,107361.2578125,0,0.0,0.012406215749838134,0.0,10805.437662732349,14076.112307829413
2025-06-26,106960.0,0,0.0,-0.003737454466123835,-0.0,10805.437662732349,14023.503479018855
2025-06-27,107088.4296875,0,0.0,0.0012007263229245613,0.0,10805.437662732349,14040.341868785737
2025-06-28,107327.703125,0,0.0,0.002234353778444831,0.0,10805.437662732349,14071.712959690916
2025-06-29,108385.5703125,0,0.0,0.009856422495764683,0.0,10805.437662732349,14210.409707860757
2025-06-30,107135.3359375,0,0.0,-0.011535062936840146,-0.0,10805.437662732349,14046.4917375223
2025-07-01,105698.28125,0,0.0,-0.013413452013053329,-0.0,10805.437662732349,13858.079794649295
2025-07-02,108859.3203125,0,0.0,0.02990624847553991,0.0,10805.437662732349,14272.522972381936
2025-07-03,109647.9765625,0,0.0,0.007244728772290987,0.0,10805.437662732349,14375.923530213135
2025-07-04,108034.3359375,0,0.0,-0.014716556343200904,-0.0,10805.437662732349,14164.359441595207
2025-07-05,108231.1796875,0,0.0,0.0018220480395592098,0.0,10805.437662732349,14190.167584947378
2025-07-06,109232.0703125,0,0.0,0.009247710575546852,0.0,10805.437662732349,14321.394147791478
2025-07-07,108299.8515625,0,0.0,-0.008534295352390808,-0.0,10805.437662732349,14199.171140276223
2025-07-08,108950.2734375,0,0.0,0.006005750382996888,0.0,10805.437662732349,14284.447817790176
2025-07-09,111326.5546875,0,0.0,0.021810695604753683,0.0,10805.437662732349,14596.001561025983
2025-07-10,115987.203125,0,0.0,0.041864660687494615,0.0,10805.437662732349,15207.05821377248
2025-07-11,117516.9921875,0,0.0,0.013189291760499877,0.0,10805.437662732349,15407.628541372831
2025-07-12,117435.2265625,0,0.0,-0.0006957770402219454,-0.0,10805.437662732349,15396.908267189476
2025-07-13,119116.1171875,0,0.0,0.014313342548076147,0.0,10805.437662732349,15617.289489399065
2025-07-14,119849.703125,0,0.0,0.006158578325259345,0.0,10805.437662732349,15713.469789947778
2025-07-15,117777.1875,0,0.0,-0.01729262210051885,-0.0,10805.437662732349,15441.742694982293
2025-07-16,118738.5078125,0,0.0,0.00816219450392297,0.0,10805.437662732349,15567.781202338268
2025-07-17,119289.84375,0,0.0,0.004643278306736054,0.0,10805.437662732349,15640.0667430791
2025-07-18,118003.2265625,0,0.0,-0.01078563897020779,-0.0,10805.437662732349,15471.378629718296
2025-07-19,117939.9765625,0,0.0,-0.0005360022928398989,-0.0,10805.437662732349,15463.085935299372
2025-07-20,117300.7890625,0,0.0,-0.00541960002562214,-0.0,10805.437662732349,15379.282194368227
2025-07-21,117439.5390625,0,0.0,0.0011828564931994912,0.0,10805.437662732349,15397.473678172582
2025-07-22,119995.4140625,0,0.0,0.02176332622218302,0.0,10805.437662732349,15732.573920828128
2025-07-23,118754.9609375,0,0.0,-0.010337504434577038,-0.0,10805.437662732349,15569.938368154257
2025-07-24,118368.0,0,0.0,-0.0032584822936673197,-0.0,10805.437662732349,15519.203999668134
2025-07-25,117635.8828125,0,0.0,-0.006185093838706357,-0.0,10805.437662732349,15423.216266628158
2025-07-26,117947.3671875,0,0.0,0.002647868724685587,0.0,10805.437662732349,15464.054918614625
2025-07-27,119448.4921875,0,0.0,0.012727075099638885,0.0,10805.437662732349,15660.867106908774
2025-07-28,117924.4765625,0,0.0,-0.012758768211219684,-0.0,10805.437662732349,15461.05373350501
2025-07-29,117922.1484375,0,0.0,-1.9742508661990676e-05,-0.0,10805.437662732349,15460.748493517753
2025-07-30,117831.1875,0,0.0,-0.0007713643170961237,-0.0,10805.437662732349,15448.822623814256
2025-07-31,115758.203125,0,0.0,-0.017592832754910526,-0.0,10805.437662732349,15177.034071133214
2025-08-01,113320.0859375,0,0.0,-0.021062154747402473,-0.0,10805.437662732349,14857.373030920407
2025-08-02,112526.9140625,0,0.0,-0.006999393518263508,-0.0,10805.437662732349,14753.380430429359
2025-08-03,114217.671875,0,0.0,0.015025363723748075,0.0,10805.437662732349,14975.055337551386
2025-08-04,115071.8828125,0,0.0,0.007478798363486527,0.0,10805.437662732349,15087.050756902987
2025-08-05,114141.4453125,0,0.0,-0.008085706753543476,-0.0,10805.437662732349,14965.061288706842
2025-08-06,115028.0,0,0.0,0.007767158415357134,0.0,10805.437662732349,15081.297290431756
2025-08-07,117496.8984375,0,0.0,0.021463456180234486,0.0,10805.437662732349,15404.994053966027
2025-08-08,116688.7265625,0,0.0,-0.0068782400705657,-0.0,10805.437662732349,15299.034806577212
2025-08-09,116500.359375,0,0.0,-0.0016142706587778388,-0.0,10805.437662732349,15274.338023581333
2025-08-10,119306.7578125,0,0.0,0.02408918266480664,0.0,10805.437662732349,15642.284342315384
2025-08-11,118731.4453125,0,0.0,-0.004822128356753663,-0.0,10805.437662732349,15566.855239423903
2025-08-12,120172.90625,0,0.0,0.012140515376580119,0.0,10805.437662732349,15755.844884823126
2025-08-13,123344.0625,0,0.0,0.026388279596092357,0.0,10805.437662732349,16171.6145249165
2025-08-14,118359.578125,0,0.0,-0.040411222672351976,-0.0,10805.437662732349,15518.099809378658
2025-08-15,117398.3515625,0,0.0,-0.008121240187970669,-0.0,10805.437662732349,15392.073593565792
2025-08-16,117491.3515625,0,0.0,0.0007921746665282559,0.0,10805.437662732349,15404.266804331952
2025-08-17,117453.0625,0,0.0,-0.00032588834829794244,-0.0,10805.437662732349,15399.246733266347
2025-08-18,116252.3125,0,0.0,-0.01022323279139703,-0.0,10805.437662732349,15241.816649100007
2025-08-19,112831.1796875,0,0.0,-0.029428514056440758,-0.0,10805.437662732349,14793.272633596274
2025-08-20,114274.7421875,0,0.0,0.012794003430595335,0.0,10805.437662732349,14982.537814420239
2025-08-21,112419.03125,0,0.0,-0.01623902974513114,-0.0,10805.437662732349,14739.235937194315
2025-08-22,116874.0859375,0,0.0,0.03962900798880531,0.0,10805.437662732349,15323.337235898276
2025-08-23,115374.328125,0,0.0,-0.012832252765613172,-0.0,10805.437662732349,15126.704299274495
2025-08-24,113458.4296875,0,0.0,-0.016605933647771742,-0.0,10805.437662732349,14875.511251371281
2025-08-25,110124.3515625,0,0.0,-0.029385900493979156,-0.0,10805.437662732349,14438.380957941417
2025-08-26,111802.65625,0,0.0,0.015240086898922645,0.0,10805.437662732349,14658.423138420194
2025-08-27,111222.0625,0,0.0,-0.005193022862549412,-0.0,10805.437662732349,14582.301611933455
2025-08-28,112544.8046875,0,0.0,0.01189280397942638,0.0,10805.437662732349,14755.726066573052
2025-08-29,108410.8359375,0,0.0,-0.036731759955323295,-0.0,10805.437662732349,14213.722278729183
2025-08-30,108808.0703125,0,0.0,0.003664157476186425,0.0,10805.437662732349,14265.803595481228
2025-08-31,108236.7109375,0,0.0,-0.00525107534173741,-0.0,10805.437662732349,14190.892785990927
2025-09-01,109250.59375,0,0.0,0.009367272930950854,0.0,10805.437662732349,14323.822751851165
2025-09-02,111200.5859375,0,0.0,0.017848801737061493,0.0,10805.437662732349,14579.485824265768
2025-09-03,111723.2109375,0,0.0,0.004699840343410866,0.0,10805.437662732349,14648.00707992884
2025-09-04,110723.6015625,0,0.0,-0.008947195185422974,-0.0,10805.437662732349,14516.948501507259
2025-09-05,110650.984375,0,0.0,-0.0006558419928113235,-0.0,10805.437662732349,14507.42767707249
2025-09-06,110224.6953125,0,0.0,-0.0038525555367432407,-0.0,10805.437662732349,14451.537006251283
2025-09-07,111167.6171875,0,0.0,0.008554542812086785,0.0,10805.437662732349,14575.163298271716
2025-09-08,112071.4296875,0,0.0,0.008130177859939192,0.0,10805.437662732349,14693.661968224324
2025-09-09,111530.546875,0,0.0,-0.004826232823193166,-0.0,10805.437662732349,14622.746934540373
2025-09-10,113955.359375,0,0.0,0.02174124101370767,0.0,10805.437662732349,14940.663599926671
2025-09-11,115507.5390625,0,0.0,0.013620945043858246,0.0,10805.437662732349,15144.169557740046
2025-09-12,116101.578125,0,0.0,0.005142859655061782,0.0,10805.437662732349,15222.053896367963
2025-09-13,115950.5078125,0,0.0,-0.0013011908618274504,-0.0,10805.437662732349,15202.247098939763
2025-09-14,115407.65625,0,0.0,-0.004681752350561785,-0.0,10805.437662732349,15131.073942850482
2025-09-15,115444.875,0,0.0,0.0003224981011604733,0.0,10805.437662732349,15135.953685465569
2025-09-16,116843.1875,0,0.0,0.012112382641498831,0.0,10805.437662732349,15319.286148147932
2025-09-17,116468.5078125,0,0.0,-0.0032066883445814875,-0.0,10805.437662732349,15270.161971809357
2025-09-18,117137.203125,0,0.0,0.005741425944741474,0.0,10805.437662732349,15357.83447593471
2025-09-19,115688.859375,0,0.0,-0.012364506846338497,-0.0,10805.437662732349,15167.94242641208
2025-09-20,115721.9609375,0,0.0,0.0002861257573012477,0.0,10805.437662732349,15172.282365425537
2025-09-21,115306.09375,0,0.0,-0.003593675600818802,-0.0,10805.437662732349,15117.758104480174
2025-09-22,112748.5078125,0,0.0,-0.02218083931492132,-0.0,10805.437662732349,14782.433541162849
2025-09-23,112014.5,0,0.0,-0.00651013327573835,-0.0,10805.437662732349,14686.197928670135
2025-09-24,113328.6328125,0,0.0,0.011731809832655538,0.0,10805.437662732349,14858.493609934034
2025-09-25,109049.2890625,0,0.0,-0.03776048156409062,-0.0,10805.437662732349,14297.429735905962
2025-09-26,109712.828125,0,0.0,0.0060847628462732395,0.0,10805.437662732349,14384.426205160205
2025-09-27,109681.9453125,0,0.0,-0.0002814877077529365,-0.0,10805.437662732349,14380.377166000373
2025-09-28,112122.640625,0,0.0,0.02225248016477188,0.0,10805.437662732349,14700.376223648735
2025-09-29,114400.3828125,0,0.0,0.02031473906432546,0.0,10805.437662732349,14999.010530779573
2025-09-30,114056.0859375,0,0.0,-0.003009577997342028,-0.0,10805.437662732349,14953.869838704237
2025-10-01,118648.9296875,0,0.0,0.04026829179914837,0.0,10805.437662732349,15556.036632895662
2025-10-02,120681.2578125,0,0.0,0.017128920845327356,0.0,10805.437662732349,15822.494753047544
2025-10-03,122266.53125,0,0.0,0.013136036748664148,0.0,10805.437662732349,16030.339625579121
2025-10-04,122425.4296875,0,0.0,0.001299606980548873,0.0,10805.437662732349,16051.172766857093
2025-10-05,123513.4765625,0,0.0,0.008887425412982486,0.0,10805.437662732349,16193.82636761343
2025-10-06,124752.53125,0,0.0,0.010031736794915869,0.0,10805.437662732349,16356.278571435898
2025-10-07,121451.3828125,0,0.0,-0.026461574802715715,-0.0,10805.437662732349,15923.465682523793
2025-10-08,123354.8671875,0,0.0,0.01567280940669602,0.0,10805.437662732349,16173.031125260051
2025-10-09,121705.5859375,0,0.0,-0.013370216251727518,-0.0,10805.437662732349,15956.794201669405
2025-10-10,113214.3671875,0,0.0,-0.06976852117831744,-0.0,10805.437662732349,14843.512267472179
2025-10-11,110807.8828125,0,0.0,-0.02125599811033263,-0.0,10805.437662732349,14527.998598764092
2025-10-12,115169.765625,0,0.0,0.03936437283871608,0.0,10805.437662732349,15099.884152206187
2025-10-13,115271.078125,0,0.0,0.000879679657679322,0.0,10805.437662732349,15113.167213128196
2025-10-14,113118.6640625,0,0.0,-0.01867262888064536,-0.0,10805.437662732349,14830.964650546317
2025-10-15,110783.1640625,0,0.0,-0.02064646024028005,-0.0,10805.437662732349,14524.757728563813
2025-10-16,108186.0390625,0,0.0,-0.023443318504017374,-0.0,10805.437662732349,14184.249206939403
2025-10-17,106467.7890625,0,0.0,-0.01588236351834038,-0.0,10805.437662732349,13958.969804800061
2025-10-18,107198.265625,0,0.0,0.006861009972426446,0.0,10805.437662732349,14054.742435835595
2025-10-19,108666.7109375,0,0.0,0.013698405510000455,0.0,10805.437662732349,14247.26999706028
2025-10-20,110588.9296875,0,0.0,0.01768912239467313,0.0,10805.437662732349,14499.291699828234
2025-10-21,108476.890625,0,0.0,-0.019098105646452646,-0.0,10805.437662732349,14222.382695146182
2025-10-22,107688.5859375,0,0.0,-0.007267028792566799,-0.0,10805.437662732349,14119.028230601649
2025-10-23,110069.7265625,0,0.0,0.022111355667553845,0.0,10805.437662732349,14431.219085488716
2025-10-24,111033.921875,0,0.0,0.008759859251149305,0.0,10805.437662732349,14557.634533500097
2025-10-25,111641.7265625,0,0.0,0.005474045023684315,0.0,10805.437662732349,14637.323680374819
2025-10-26,114472.4453125,0,0.0,0.025355383127430242,0.0,10805.437662732349,15008.458630250929
2025-10-27,114119.328125,0,0.0,-0.0030847352525406047,-0.0,10805.437662732349,14962.161508827898
2025-10-28,112956.1640625,0,0.0,-0.01019252462848308,-0.0,10805.437662732349,14809.659309153829
2025-10-29,110055.3046875,0,0.0,-0.025681284408657135,-0.0,10805.437662732349,14429.328236440133
2025-10-30,108305.546875,0,0.0,-0.015898895718551742,-0.0,10805.437662732349,14199.917851520218
2025-10-31,109556.1640625,0,0.0,0.011547120379193476,0.0,10805.437662732349,14363.88601232638
2025-11-01,110064.015625,0,0.0,0.004635536182247879,0.0,10805.437662732349,14430.470325654203
2025-11-02,110639.625,0,0.0,0.005229768982454308,0.0,10805.437662732349,14505.938351765537
2025-11-03,106547.5234375,0,0.0,-0.03698585893164408,-0.0,10805.437662732349,13969.42376221601
2025-11-04,101590.5234375,0,0.0,-0.046523840630681046,-0.0,10805.437662732349,13319.512517400224
2025-11-05,103891.8359375,0,0.0,0.02265282648549194,0.0,10805.437662732349,13621.237123328228
2025-11-06,101301.2890625,0,0.0,-0.02493503798083263,-0.0,10805.437662732349,13281.591058312111
2025-11-07,103372.40625,0,0.0,0.020445121741957006,0.0,10805.437662732349,13553.13480442619
2025-11-08,102282.1171875,0,0.0,-0.010547196317199026,-0.0,10805.437662732349,13410.187230930444
2025-11-09,104719.640625,0,0.0,0.02383137448193029,0.0,10805.437662732349,13729.770424703547
2025-11-10,105996.59375,0,0.0,0.012194017448672767,0.0,10805.437662732349,13897.191484828652
2025-11-11,102997.46875,0,0.0,-0.028294541304540788,-0.0,10805.437662732349,13503.976826344055
2025-11-12,101663.1875,0,0.0,-0.012954505253314763,-0.0,10805.437662732349,13329.03948760654
2025-11-13,99697.4921875,0,0.0,-0.01933536967351135,-0.0,10805.437662732349,13071.317581720838
2025-11-14,94397.7890625,0,0.0,-0.053157837862490065,-0.0,10805.437662732349,12376.474601062606
2025-11-15,95549.1484375,0,0.0,0.012196889211437911,0.0,10805.437662732349,12527.429090599942
2025-11-16,94177.078125,0,0.0,-0.01435983820826503,-0.0,10805.437662732349,12347.537235693413
2025-11-17,92093.875,0,0.0,-0.02212006537551514,-0.0,10805.437662732349,12074.408904813268
2025-11-18,92948.875,0,0.0,0.009284005043766586,0.0,10805.437662732349,12186.507777986053
2025-11-19,91465.9921875,0,0.0,-0.015953746750565823,-0.0,10805.437662732349,11992.087319122262
2025-11-20,86631.8984375,0,0.0,-0.05285126891851111,-0.0,10805.437662732349,11358.290287325064
2025-11-21,85090.6875,0,0.0,-0.017790340109098413,-0.0,10805.437662732349,11156.22244005568
2025-11-22,84648.359375,0,0.0,-0.0051983141515926645,-0.0,10805.437662732349,11098.228891067223
2025-11-23,86805.0078125,0,0.0,0.025477734635657168,0.0,10805.437662732349,11380.986621679618
2025-11-24,88270.5625,0,0.0,0.01688329653360121,0.0,10805.437662732349,11573.135193658383
2025-11-25,87341.890625,0,0.0,-0.010520742688141405,-0.0,10805.437662732349,11451.377216190831
2025-11-26,90518.3671875,0,0.0,0.03636830551491177,0.0,10805.437662732349,11867.844401355758
2025-11-27,91285.375,0,0.0,0.008473504729832548,0.0,10805.437662732349,11968.406637023563
2025-11-28,90919.265625,0,0.0,-0.004010602738938163,-0.0,10805.437662732349,11920.40611258439
2025-11-29,90851.7578125,0,0.0,-0.0007425028351905061,-0.0,10805.437662732349,11911.555177249173
2025-11-30,90394.3125,0,0.0,-0.005035073877646679,-0.0,10805.437662732349,11851.579616934057
2025-12-01,86321.5703125,0,0.0,-0.045055292472078956,-0.0,10805.437662732349,11317.603231036966
2025-12-02,91350.203125,0,0.0,0.05825464938016567,0.0,10805.437662732349,11976.906239084854
2025-12-03,93527.8046875,0,0.0,0.023837949867722363,0.0,10805.437662732349,12262.411129582571
2025-12-04,92141.625,0,0.0,-0.014821043775501641,-0.0,10805.437662732349,12080.669397437829
2025-12-05,89387.7578125,0,0.0,-0.029887330373216225,-0.0,10805.437662732349,11719.610440027001
2025-12-06,89272.375,0,0.0,-0.0012908122468182626,-0.0,10805.437662732349,11704.482623343076
2025-12-07,90405.640625,0,0.0,0.012694471554050235,0.0,10805.437662732349,11853.06484505998
2025-12-08,90640.203125,0,0.0,0.0025945560296725123,0.0,10805.437662732349,11883.818285923828
2025-12-09,92691.7109375,0,0.0,0.022633530616329445,0.0,10805.437662732349,12152.791050937181
2025-12-10,92020.9453125,0,0.0,-0.007236522211271801,-0.0,10805.437662732349,12064.847108568129
2025-12-11,92511.3359375,0,0.0,0.005329119618741718,0.0,10805.437662732349,12129.14212199152
2025-12-12,90270.4140625,0,0.0,-0.024223213861206738,-0.0,10805.437662732349,11835.335318417548
2025-12-13,90298.7109375,0,0.0,0.00031346787642294593,0.0,10805.437662732349,11839.045315846566
2025-12-14,88175.1796875,0,0.0,-0.023516739363752315,-0.0,10805.437662732349,11560.62957283815
2025-12-15,86419.78125,0,0.0,-0.019908078936967,-0.0,10805.437662732349,11330.479646741054
2025-12-16,87843.984375,0,0.0,0.01648005936140917,0.0,10805.437662732349,11517.206623912585
2025-12-17,86143.7578125,0,0.0,-0.01935507109105894,-0.0,10805.437662732349,11294.290270936342
2025-12-18,85462.5078125,0,0.0,-0.007908292107279613,-0.0,10805.437662732349,11204.97172432937
2025-12-19,88103.3828125,0,0.0,0.03090097713717843,0.0,10805.437662732349,11551.216299405605
2025-12-20,88344.0,0,0.0,0.002731077738661547,0.0,10805.437662732349,11582.763569095376
2025-12-21,88621.75,0,0.0,0.0031439599746445612,0.0,10805.437662732349,11619.179314152383
2025-12-22,88490.015625,0,0.0,-0.0014864790528285043,-0.0,10805.437662732349,11601.907647490836
2025-12-23,87414.0,0,0.0,-0.01215974047919599,-0.0,10805.437662732349,11460.831461433749
2025-12-24,87611.9609375,0,0.0,0.0022646365284737513,0.0,10805.437662732349,11486.786079007994
2025-12-25,87234.7421875,0,0.0,-0.004305562231041726,-0.0,10805.437662732349,11437.329006710159
2025-12-26,87301.4296875,0,0.0,0.0007644603322913834,0.0,10805.437662732349,11446.072391043155
2025-12-27,87802.15625,0,0.0,0.005735605525503784,0.0,10805.437662732349,11511.722547094541
2025-12-28,87835.8359375,0,0.0,0.00038358610925337544,0.0,10805.437662732349,11516.138283957185
2025-12-29,87138.140625,0,0.0,-0.007943173820266769,-0.0,10805.437662732349,11424.663595829485
2025-12-30,88430.1328125,0,0.0,0.014826942349620564,0.0,10805.437662732349,11594.056424328659
2025-12-31,87508.828125,0,0.0,-0.01041844740246467,-0.0,10805.437662732349,11473.264357290582
2026-01-01,88731.984375,0,0.0,0.013977518339667538,0.0,10805.437662732349,11633.632120260467
2026-01-02,89944.6953125,0,0.0,0.013667122921255048,0.0,10805.437662732349,11792.630400468726
2026-01-03,90603.1875,0,0.0,0.007321078638514056,0.0,10805.437662732349,11878.96517498549
2026-01-04,91413.4921875,0,0.0,0.008943445698309516,0.0,10805.437662732349,11985.204054980082
2026-01-05,93882.5546875,0,0.0,0.027009825802690735,0.0,10805.437662732349,12308.922328714798
2026-01-06,93729.03125,0,0.0,-0.0016352711961346023,-0.0,10805.437662732349,12288.793902575193
2026-01-07,91308.0546875,0,0.0,-0.025829527204251357,-0.0,10805.437662732349,11971.380166161187
2026-01-08,91027.125,0,0.0,-0.003076724046541912,-0.0,10805.437662732349,11934.547532933664
2026-01-09,90513.1015625,0,0.0,-0.005646925984974294,-0.0,10805.437662732349,11867.15402635103
2026-01-10,90386.6484375,0,0.0,-0.001397069847536736,-0.0,10805.437662732349,11850.574783284741
2026-01-11,90827.4609375,0,0.0,0.004876964768804504,0.0,10805.437662732349,11908.369618992905
2026-01-12,91192.9921875,0,0.0,0.004024457429802286,0.0,10805.437662732349,11956.294345582892
2026-01-13,95321.78125,0,0.0,0.04527528885126264,0.0,10805.437662732349,12497.619025669876
2026-01-14,96929.328125,0,0.0,0.016864423365986925,0.0,10805.437662732349,12708.384163985584
2026-01-15,95551.1875,0,0.0,-0.01421799419905967,-0.0,10805.437662732349,12527.696431662616
2026-01-16,95525.1171875,0,0.0,-0.00027284132392391136,-0.0,10805.437662732349,12524.278358382484
2026-01-17,95099.921875,0,0.0,-0.004451136256293897,-0.0,10805.437662732349,12468.53108889757
2026-01-18,93634.4296875,0,0.0,-0.01541002514624834,-0.0,10805.437662732349,12276.39071128088
2026-01-19,92553.59375,0,0.0,-0.011543146480490485,-0.0,10805.437662732349,12134.682535048833
2026-01-20,88310.90625,0,0.0,-0.04584033237499219,-0.0,10805.437662732349,11578.424654377182
2026-01-21,89376.9609375,0,0.0,0.012071608510981546,0.0,10805.437662732349,11718.194863978719
2026-01-22,89462.453125,0,0.0,0.000956534957143873,0.0,10805.437662732349,11729.403727000737
2026-01-23,89503.875,0,0.0,0.00046300848627667257,0.0,10805.437662732349,11734.834540465305
2026-01-24,89110.734375,0,0.0,-0.00439244250598092,-0.0,10805.437662732349,11683.289954429112
2026-01-25,86572.21875,0,0.0,-0.028487203509257375,-0.0,10805.437662732349,11350.465695839628
2026-01-26,88267.140625,0,0.0,0.019578126787931138,0.0,10805.437662732349,11572.68655233484
2026-01-27,89102.5703125,0,0.0,0.009464787027023913,0.0,10805.437662732349,11682.219565883193
2026-01-28,89184.5703125,0,0.0,0.0009202877056453396,0.0,10805.437662732349,11692.970568924326
2026-01-29,84561.5859375,0,0.0,-0.05183614563372574,-0.0,10805.437662732349,11086.852043622695
2026-01-30,84128.65625,0,0.0,-0.005119696877728619,-0.0,10805.437662732349,11030.09072183112
2026-01-31,78621.1171875,1,0.0,-0.06546567255435032,-0.0,10805.437662732349,10307.998414390946
2026-02-01,76974.4453125,1,1.0,-0.02094439679701987,-0.02194439679701987,10568.318851095888,10092.10360541689
2026-02-02,78688.765625,1,1.0,0.022271291537603544,0.022271291537603544,10803.688961290996,10316.86778704083
2026-02-03,75633.546875,1,1.0,-0.03882661934945053,-0.03882661934945053,10384.21824242109,9916.298688594788
2026-02-04,73019.703125,1,1.0,-0.03455931736640505,-0.03455931736640505,10025.346748579246,9573.598175115576
2026-02-05,62702.09765625,1,1.0,-0.14129892381358544,-0.14129892381358544,8608.776042146972,8220.859055948038
2026-02-06,70555.390625,1,1.0,0.1252476912623226,0.1252476912623226,9687.005366020276,9250.502672898487
2026-02-07,69281.96875,1,1.0,-0.018048541205989532,-0.018048541205989532,9512.169050509016,9083.544594230563
2026-02-08,70264.7265625,1,1.0,0.014184900201757111,0.014184900201757111,9647.098219192729,9212.393767777934
2026-02-09,70120.78125,1,1.0,-0.00204861414171964,-0.00204861414171964,9627.335037354333,9193.521127626173
2026-02-10,68793.9609375,1,1.0,-0.018921927121284043,-0.018921927121284043,9445.167305405328,9019.561990861246
2026-02-11,66991.96875,1,1.0,-0.02619404614799148,-0.02619404614799148,9197.760157132041,8783.303167837956
2026-02-12,66221.84375,1,1.0,-0.011495780977477277,-0.011495780977477277,9092.024720882284,8682.332238361709
2026-02-13,68857.84375,1,1.0,0.039805596623848194,0.039805596623848194,9453.93818941578,9027.937653196168
2026-02-14,69767.625,1,1.0,0.013212456278809848,0.013212456278809848,9578.847934406007,9147.218884726843
2026-02-15,68788.1875,1,1.0,-0.014038567315427408,-0.014038567315427408,9444.374632874606,9018.805036664657
2026-02-16,68843.15625,1,1.0,0.000799101589935125,0.000799101589935125,9451.92164765968,9026.01197810877
2026-02-17,67494.21875,1,1.0,-0.019594358734823403,-0.019594358734823403,9266.717304161992,8849.153061464895
2026-02-18,66425.3203125,1,1.0,-0.015836888807606253,-0.015836888807606253,9119.961332604458,8709.010008388985
2026-02-19,66957.5234375,1,1.0,0.008012052068341324,0.008012052068341324,9193.030937662545,8778.787050039904
2026-02-20,68005.421875,1,1.0,0.015650197075734784,0.015650197075734784,9336.903683560291,8916.176797458937
2026-02-21,68003.765625,1,1.0,-2.435467576455963e-05,-2.435467576455963e-05,9336.676286298432,8915.959646863976
2026-02-22,67659.390625,1,1.0,-0.005064057803784272,-0.005064057803784272,9289.394817889395,8870.808711836049
2026-02-23,64616.73828125,1,1.0,-0.04497014110892317,-0.04497014110892317,8871.649422112409,8471.887192314516
2026-02-24,64080.04296875,1,1.0,-0.008305824880296298,-0.008305824880296298,8797.963055612961,8401.521180889527
2026-02-25,67960.125,1,1.0,0.060550552894326426,0.060550552894326426,9330.684582974183,8910.237933545783
2026-02-26,67453.7734375,1,1.0,-0.007450715585058165,-0.007450715585058165,9261.164305932554,8843.850284907738
2026-02-27,65881.796875,1,1.0,-0.023304501473983996,-0.023304501473983996,9045.337488714142,8637.748762907411
2026-02-28,66995.859375,1,1.0,0.016910019957618205,0.016910019957618205,9198.29432617169,8783.813266877067
2026-03-01,65738.1015625,1,1.0,-0.018773664883674046,-0.018773664883674046,9025.608630990742,8618.908900203947
2026-03-02,68775.8515625,1,1.0,0.04620988327616793,0.04620988327616793,9442.6809523252,9017.187674450297
2026-03-03,68293.6484375,1,1.0,-0.007011227255569463,-0.007011227255569463,9376.47617026661,8953.966122458605
2026-03-04,72710.578125,1,1.0,0.06467555605177866,0.06467555605177866,9982.904980384854,9533.068860297404
2026-03-05,70841.125,1,1.0,-0.025710882421896564,-0.025710882421896564,9726.235684205214,9287.965247710456
2026-03-06,68136.4921875,1,1.0,-0.03817885179689062,-0.03817885179689062,9354.899173476315,8933.361399023446
2026-03-07,67272.59375,1,1.0,-0.01267893913767526,-0.01267893913767526,9236.28897621672,8820.09585355037
2026-03-08,65969.78125,1,1.0,-0.01936617019467901,-0.01936617019467901,9057.417431936068,8649.284376117132
2026-03-09,68402.3828125,1,1.0,0.03687448277691541,0.03687448277691541,9391.405015033328,8968.222263876905
2026-03-10,69926.921875,1,1.0,0.022287806357257578,0.022287806357257578,9600.71883143097,9168.10426506304
2026-03-11,70204.8828125,1,1.0,0.003975020350486469,0.003975020350486469,9638.881884165206,9204.547666092049
2026-03-12,70493.4609375,1,1.0,0.004110513591636167,0.004110513591636167,9678.502639158243,9242.383084378382
2026-03-13,70968.265625,1,1.0,0.006735442992662266,0.006735442992662266,9743.691641938625,9304.634628759559
2026-03-14,71214.625,1,1.0,0.0034714019404360474,0.0034714019404360474,9777.51591201146,9336.934755464883
2026-03-15,72789.9140625,1,1.0,0.022120302711697182,0.022120302711697182,9993.79752375359,9543.470578655131
2026-03-16,74861.0859375,1,1.0,0.028454105238008953,0.028454105238008953,10278.162090221827,9815.021494836026
2026-03-17,73922.4765625,1,1.0,-0.01253801442025071,-0.01253801442025071,10149.294345720951,9691.960613798703
2026-03-18,71245.578125,1,1.0,-0.0362122396594321,-0.0362122396594321,9781.765666499585,9340.993013282048
2026-03-19,69912.7890625,1,1.0,-0.01870697238447039,-0.01870697238447039,9598.778446305017,9166.251314939049
2026-03-20,70522.5859375,1,1.0,0.008722250723753211,0.008722250723753211,9682.501398555447,9246.20165710488
2026-03-21,68711.5234375,1,1.0,-0.025680602546325204,-0.025680602546325204,9433.848928484907,9008.753627285596
2026-03-22,67845.2109375,1,1.0,-0.012607965253281006,-0.012607965253281006,9314.907288989867,8895.171574577409
2026-03-23,70914.859375,1,1.0,0.04524488014825101,0.04524488014825101,9736.359152872283,9297.632546367293
2026-03-24,70517.859375,1,1.0,-0.005598262529164066,-0.005598262529164066,9681.852458256273,9245.581958473029
2026-03-25,71309.8828125,1,1.0,0.011231529778693128,0.011231529778693128,9790.594472454093,9349.423987560967
2026-03-26,68791.625,1,1.0,-0.03531428903229905,-0.03531428903229905,9444.84658945582,9019.255726578729
2026-03-27,66338.375,1,1.0,-0.035662044616623034,-0.035662044616623034,9108.024048985488,8697.610626448746
2026-03-28,66319.6953125,1,1.0,-0.0002815819275042708,-0.0002815819275042708,9105.459394018018,8695.161536483869
2026-03-29,65954.921875,1,1.0,-0.005500227885263609,-0.005500227885263609,9055.377292350904,8647.336166534029
2026-03-30,66691.4453125,1,1.0,0.011167073154841889,0.011167073154841889,9156.499353019282,8743.901602100226
2026-03-31,68233.3125,1,1.0,0.02311941479563351,0.02311941479563351,9368.192259637684,8946.055490171386
2026-04-01,68078.5546875,1,1.0,-0.002268068291422898,-0.002268068291422898,9346.944559825646,8925.765225380817
2026-04-02,66888.5703125,1,1.0,-0.017479577533077273,-0.017479577533077273,9183.563917694799,8769.746620081729
2026-04-03,66931.1015625,1,1.0,0.0006358522809097877,0.0006358522809097877,9189.403307758746,8775.322883473109
2026-04-04,67290.515625,1,1.0,0.005369911059425414,0.005369911059425414,9238.7495862106,8822.445586875101
2026-04-05,68981.8984375,1,1.0,0.02513553056906015,0.02513553056906015,9470.97045885469,9044.20243761787
2026-04-06,68859.828125,1,1.0,-0.0017695992030517527,-0.0017695992030517527,9454.210637078573,9028.197824192022
2026-04-07,71940.703125,1,1.0,0.04474125312086663,0.04474125312086663,9877.203868250097,9432.130708269455
2026-04-08,71123.359375,1,1.0,-0.011361353371537541,-0.011361353371537541,9764.98546478019,9324.968938246275
2026-04-09,71767.828125,1,1.0,0.009061281070850802,0.009061281070850802,9853.468742729336,9409.465102772678
2026-04-10,72979.046875,1,1.0,0.016876904061948084,0.016876904061948084,10019.764789377783,9568.267742586422
2026-04-11,73054.2734375,1,1.0,0.0010307967248304184,0.0010307967248304184,10030.093130106246,9578.13068163778
2026-04-12,70753.40625,1,1.0,-0.031495312720733026,-0.031495312720733026,9714.192210355473,9276.46446053955
2026-04-13,74484.640625,1,1.0,0.05273575609654846,0.05273575609654846,10226.477481435772,9765.665827768864
2026-04-14,74181.609375,1,1.0,-0.004068372317531099,-0.004068372317531099,10184.872363544444,9725.93546325291
2026-04-15,74805.078125,1,1.0,0.008404626904874313,0.008404626904874313,10270.4724158338,9807.678322122436
2026-04-16,75152.1328125,1,1.0,0.004639453579876829,0.004639453579876829,10318.121795850466,9853.180590424288
2026-04-17,77126.875,1,1.0,0.02627659540184779,0.02627659540184779,10589.246907587016,10112.088630220207
2026-04-18,75726.2109375,1,1.0,-0.01816051878803593,-0.01816051878803593,10396.940690170632,9928.447854664808
2026-04-19,73856.3515625,1,1.0,-0.024692366775663332,-0.024692366775663332,10140.21561730412,9683.290978724377
2026-04-20,75872.5234375,1,1.0,0.027298557704868998,0.027298557704868998,10417.028878472911,9947.630856280122
2026-04-21,76352.7734375,1,1.0,0.0063296958930805225,0.0063296958930805225,10482.965503383084,10010.596334457001
2026-04-22,78203.1015625,1,1.0,0.024233934691509473,0.024233934691509473,10737.009004765416,10253.192472249295
2026-04-23,78268.953125,1,1.0,0.0008420581944230676,0.0008420581944230676,10746.050191181474,10261.82625698955
2026-04-24,77455.3125,1,1.0,-0.010395445352393673,-0.010395445352393673,10634.340213664966,10155.150002919258
2026-04-25,77612.015625,1,1.0,0.0020231423764509593,0.0020231423764509593,10655.854997996828,10175.695317229382
2026-04-26,78657.5390625,1,1.0,0.013471154293320797,0.013471154293320797,10799.401664802097,10312.7736788896
2026-04-27,77366.625,1,1.0,-0.01641182876919478,-0.01641182876919478,10622.163733869607,10143.522203136205
2026-04-28,76350.671875,1,1.0,-0.013131671764148978,-0.013131671764148978,10482.676966291385,10010.320799032263
2026-04-29,75776.1328125,1,1.0,-0.007525003361340765,-0.007525003361340765,10403.794786884193,9934.993101371445
2026-04-30,76304.3203125,1,1.0,0.00697036758667724,0.00697036758667724,10476.313060845132,10004.243655259106
2026-05-01,78179.0,1,1.0,0.024568460603834108,0.024568460603834108,10733.699945553939,10250.032521374496
2026-05-02,78657.25,1,1.0,0.006117371672699878,0.006117371672699878,10799.361977544131,10312.735779965005
2026-05-03,78538.2265625,1,1.0,-0.00151319093281288,-0.00151319093281288,10783.020480919547,10297.130641690266
2026-05-04,79827.90625,0,1.0,0.016421044171065935,0.016421044171065935,10960.088936534235,10466.2202787927
2026-05-05,80927.0546875,0,0.0,0.013768974900303155,-0.001,10949.128847597702,10610.329403112439
2026-05-06,81427.53125,0,0.0,0.006184292316489204,0.0,10949.128847597702,10675.946781715526
2026-05-07,80009.9921875,0,0.0,-0.017408596831308243,-0.0,10949.128847597702,10490.093528400137
2026-05-08,80186.765625,0,0.0,0.0022093920105095144,0.0,10949.128847597702,10513.270257231283
2026-05-09,80664.3671875,0,0.0,0.0059561145630133705,0.0,10949.128847597702,10575.888499315273
2026-05-10,82138.9296875,0,0.0,0.01828022150812214,0.0,10949.128847597702,10769.218083727957
2026-05-11,81728.296875,0,0.0,-0.004999247178679611,-0.0,10949.128847597702,10715.380100606295
2026-05-12,80477.4921875,0,0.0,-0.015304426194186482,-0.0,10949.128847597702,10551.387356713913
2026-05-13,79277.1171875,0,0.0,-0.014915661104390687,-0.0,10949.128847597702,10394.006438720016
2026-05-14,81051.25,0,0.0,0.022378876470797504,0.0,10949.128847597702,10626.612624848805
2026-05-15,79065.6796875,0,0.0,-0.024497713637975926,-0.0,10949.128847597702,10366.28491182356
2026-05-16,78131.4375,1,0.0,-0.0118160267665125,-0.0,10949.128847597702,10243.796611836158
2026-05-17,77429.3515625,1,1.0,-0.008985959556932488,-0.009985959556932489,10839.791289741948,10151.746269772757
2026-05-18,76954.171875,1,1.0,-0.006136945201154598,-0.006136945201154598,10773.26808460485,10089.445559219137
2026-05-19,76750.90625,1,1.0,-0.002641385386229267,-0.002641385386229267,10744.811731724245,10062.79544516386
2026-05-20,77457.7734375,1,1.0,0.009209887179670861,0.009209887179670861,10843.770235540229,10155.472655925923
2026-05-21,77539.171875,1,1.0,0.0010508749979196708,0.0010508749979196708,10855.165682563944,10166.144788232092
2026-05-22,75488.2421875,1,1.0,-0.02645023976792371,-0.02645023976792371,10568.043947539589,9897.247821067926
2026-05-23,76673.3671875,1,1.0,0.015699464786268935,0.015699464786268935,10733.95658135373,10052.629314715758
2026-05-24,76981.125,1,1.0,0.004013881531345742,0.004013881531345742,10777.041411433893,10092.97937786356
2026-05-25,77279.9296875,1,1.0,0.0038815318365379436,0.0038815318365379436,10818.872840776061,10132.15559864426
2026-05-26,75825.734375,1,1.0,-0.01881724424932052,-0.01881724424932052,10615.291468028838,9941.49635197245
2026-05-27,74344.703125,1,1.0,-0.019532039646005694,-0.019532039646005694,10407.953174221393,9747.318651085103
2026-05-28,73536.5546875,1,1.0,-0.010870289388891785,-0.010870289388891785,10294.815711271573,9641.362476582066
2026-05-29,73372.5234375,1,1.0,-0.00223060831034394,-0.00223060831034394,10271.85200979255,9619.856373318764
2026-05-30,73754.8359375,1,1.0,0.0052105676905831455,0.0052105676905831455,10325.374189997226,9669.981286125629
2026-05-31,73579.6875,1,1.0,-0.002374738351372918,-0.002374738351372918,10300.854127915964,9647.017610708408
2026-06-01,71319.7734375,1,1.0,-0.030713830668280595,-0.030713830668280595,9984.475438492495,9350.720745359187
2026-06-02,66703.65625,1,1.0,-0.06472422674681189,-0.06472422674681189,9338.237986263532,8745.50257559044
2026-06-03,64014.3671875,1,1.0,-0.04031696632071802,-0.04031696632071802,8961.748559876494,8392.910442792609
2026-06-04,63801.57421875,1,1.0,-0.0033241439086123536,-0.0033241439086123536,8931.958417990665,8365.011200668672
2026-06-05,60922.66796875,1,1.0,-0.04512280904119048,-0.04512280904119048,8528.923363931819,7987.558397633479
2026-06-06,60867.4140625,1,1.0,-0.0009069515189049637,-0.0009069515189049637,8521.188043932276,7980.314069412404
2026-06-07,63239.51953125,1,1.0,0.03897168140434348,0.03897168140434348,8853.273069566905,8291.320326832145
2026-06-08,63090.58984375,1,1.0,-0.0023550097882448773,-0.0023550097882448773,8832.42352483007,8271.794186304982
2026-06-09,61643.78125,1,1.0,-0.022932240724538477,-0.022932240724538477,8629.876262377591,8082.103410800798
2026-06-10,61449.2890625,1,1.0,-0.0031550982687325035,-0.0031550982687325035,8602.648154722789,8056.603580321664
2026-06-11,63561.0546875,1,1.0,0.0343659895373587,0.0343659895373587,8898.28667120157,8333.476734669644
2026-06-12,63543.19921875,1,1.0,-0.000280918383714468,-0.000280918383714468,8895.786978892067,8331.135707854619
2026-06-13,64421.32421875,1,1.0,0.013819338824553329,0.013819338824553329,9018.720873264427,8446.266494994796
2026-06-14,65710.3984375,1,1.0,0.020010054657876974,0.020010054657876974,9199.185970882583,8615.276749214638
2026-06-15,66289.5,1,1.0,0.00881293640382963,0.00881293640382963,9280.257811810974,8691.202635306858
2026-06-16,65600.640625,1,1.0,-0.010391681563445165,-0.010391681563445165,9183.82032780396,8600.886425117375
2026-06-17,64418.4453125,1,1.0,-0.01802109402037566,-0.01802109402037566,9018.317838210369,8445.889042191762
2026-06-18,62896.47265625,1,1.0,-0.0236263487711752,-0.0236263487711752,8805.247915635498,8246.343521998293
2026-06-19,63540.8359375,1,1.0,0.010244823819797633,0.010244823819797633,8895.456129220824,8330.825858538696
2026-06-20,64239.67578125,1,1.0,0.01099827903487749,0.01099827903487749,8993.290837872506,8422.450605921877
2026-06-21,63237.5390625,1,1.0,-0.015599965388407244,-0.015599965388407244,8852.995812073816,8291.060667983926
2026-06-22,63952.10546875,1,1.0,0.01129971875635083,0.01129971875635083,8953.0321749014,8384.747321723986
2026-06-23,62668.01953125,1,1.0,-0.02007886883610832,-0.02007886883610832,8773.265416176098,8216.391080027179
2026-06-24,60995.1328125,1,1.0,-0.026694424544815853,-0.026694424544815853,8539.068144512343,7997.059248310695
2026-06-25,59721.67578125,1,1.0,-0.02087801063020267,-0.02087801063020267,8360.789389019188,7830.096560314104
2026-06-26,60016.4296875,1,1.0,0.004935459402204856,0.004935459402204856,8402.053725619078,7868.741684002878
2026-06-27,59940.09765625,1,1.0,-0.0012718522519159503,-0.0012718522519159503,8391.367554667431,7858.733807172333
2026-06-28,59532.33984375,1,1.0,-0.006802755224698642,-0.006802755224698642,8334.283135192549,7805.272764706076
2026-06-29,60138.37890625,1,1.0,0.010179997360940662,0.010179997360940662,8419.126115514142,7884.730420852206
2026-06-30,58558.859375,1,1.0,-0.026264750729518727,-0.026264750729518727,8197.999866729782,7677.63994177907
2026-07-01,60003.7578125,1,1.0,0.024674292718837698,0.024674292718837698,8400.279715150466,7867.0802770923665
2026-07-02,61485.30078125,1,1.0,0.024690836420271145,0.024690836420271145,8607.689647481766,8061.325069319195
2026-07-03,62544.19921875,1,1.0,0.017221977026140145,0.017221977026140145,8755.931080838842,8200.157024463258
2026-07-04,63088.3046875,1,1.0,0.008699535297381988,0.008699535297381988,8832.103612338044,8271.494579941651
2026-07-05,63547.8828125,1,1.0,0.00728468021571449,0.00728468021571449,8896.442662785983,8331.749772862542
2026-07-06,63995.015625,1,1.0,0.0070361559301554966,0.0070361559301554966,8959.039420585033,8390.373263435442
2026-07-07,63297.39453125,1,1.0,-0.010901178582999993,-0.010901178582999993,8861.375331929099,8298.908306112704
2026-07-08,62257.57421875,1,1.0,-0.01642753734494773,-0.01642753734494773,8715.804757736236,8162.57767999174
2026-07-09,63193.1484375,1,1.0,0.015027476262771566,0.015027476262771566,8846.781306844068,8285.240622320845
2026-07-10,64127.140625,1,1.0,0.014779959704393386,0.014779959704393386,8977.536378072804,8407.69614485995
2026-07-11,63802.02734375,1,1.0,-0.005069823448876076,-0.005069823448876076,8932.021853630113,8365.070609793715
2026-07-12,63758.21875,1,1.0,-0.0006866332556169086,-0.0006866332556169086,8925.888830385513,8359.326874127446
2026-07-13,62239.12109375,1,1.0,-0.023825911169295333,-0.023825911169295333,8713.221396005743,8160.158294589382
2026-07-14,64956.11328125,1,1.0,0.043654089899621606,0.043654089899621606,9093.589146142283,8516.38257837653
2026-07-15,64712.375,1,1.0,-0.0037523532264722714,-0.0037523532264722714,9059.466787569543,8484.426102730687
2026-07-16,63789.28125,1,1.0,-0.014264562998962727,-0.014264562998962727,8930.237452841247,8363.399472078241
2026-07-17,63899.4609375,1,1.0,0.0017272445360874134,0.0017272445360874134,8945.662156687631,8377.845108119505
2026-07-18,64796.6015625,1,1.0,0.014039877830542169,0.014039877830542169,9071.25816048083,8495.469029920709
2026-07-19,64690.8046875,1,1.0,-0.0016327534538667088,-0.0016327534538667088,9056.447032388389,8481.598023519888
2026-07-20,65230.02734375,1,1.0,0.008335383349377112,0.008335383349377112,9131.935990186676,8552.295394461244
2026-07-21,66505.125,1,1.0,0.019547709976119876,0.019547709976119876,9310.444426443335,8719.473184462278
2026-07-22,66100.796875,1,1.0,-0.0060796536357160536,-0.0060796536357160536,9253.840149135976,8666.461807614834
2026-07-23,65044.8125,1,1.0,-0.01597536527429344,-0.01597536527429344,9106.006672563608,8528.011914602474
2026-07-24,64098.49609375,1,1.0,-0.01454868374399576,-0.01454868374399576,8973.526261313764,8403.940566291894
2026-07-25,64311.8125,1,1.0,0.003327947132145015,0.003327947132145015,9003.38968230033,8431.908436198202
2026-07-26,65340.30078125,1,1.0,0.0159922142024842,0.0159922142024842,9147.373818648115,8566.753322045617
2026-07-27,64916.30078125,0,1.0,-0.006489103890407466,-0.006489103890407466,9088.015559614514,8511.16276973537
